Timestamp,Type of vehicle you primarily drive,Frequency of driving in Kiribathgoda area,According to your opinion what are the factors which causes traffic congestion in the Kiribathgoda Junction? (As you have experience),Usual time of day when you travel through Kiribathgoda,Duration typically spent in traffic during a regular trip through Kiribathgoda,TRAFFIC,rif,tst,spp,pta,db,pi,What other factors contribute to traffic congestion?,Any additional comments or observations related to traffic in Kiribathgoda.
3/13/2024 16:22,Bike,Daily,More vehicles ,Off Peak Hours,20 Minutes,1.0164676954500365,1.603429774889473,2.209971474370565,2.751459238762783,2.059947128815345,1.5912845455624822,2.92826693625738, When road is narrow ,Not specified
4/23/2024 23:40,Car/van,Rarely,Mahinda rajapaksha,Peak Hours,60 Minutes,0.9249574518717185,1.936630994627123,3.175076242646952,4.108728847078845,0.903060330421317,1.8473202517610376,2.1971440879416715,Ranil,vehicles
4/23/2024 23:23,Car/van,Daily,Lack of tracks,Peak Hours,20 Minutes,0.900254007411446,4.960631230870815,4.0492711889277055,3.9791456898233397,2.0616717167511758,1.10729374618543,1.0569951659166483,Not specified,Not specified
4/24/2024 1:05,Bike,Weekly,Lack of a good traffic light system,Peak Hours,20 Minutes,1.0916783305314566,3.3781563496540743,4.222567584856927,2.8736633120116784,5.39661186239112,4.250533640432911,5.083173808434277,Traffic light system has been switched off,"In my opinion, having a systematic traffic light system everywhere is a good solution"
4/23/2024 23:20,Bike,Rarely,thilakawardana and police,Peak Hours,30 Minutes,0.9677099066318346,2.8653034397968242,2.3135195093515604,3.38083784730235,3.8065613129332787,5.085294739293438,4.862375666985814,Not specified,Not specified
4/23/2024 23:47,Bike,Daily,"Vehicle load, attitudes of drivers, road crossing traffic, Heavy vehicles ",Peak Hours,10 Minutes,0.0,2.103531080778801,3.9708763292585547,2.06416572286534,3.378225200087299,0.7321615140219904,1.9119478631486606,Not specified,Not specified
4/23/2024 23:40,Car/van,Rarely,Mahinda rajapaksha,Peak Hours,60 Minutes,0.9562285025640695,2.4081736817388895,2.709499127333435,4.76675826203608,0.9733960823158714,1.575263117745869,1.9185814961872387,Ranil,vehicles
3/13/2024 17:42,Buses/Lorry,Rarely,Road is too narrow ,Off Peak Hours,10 Minutes,0.0,3.6007860090292634,1.655357872584517,4.757552444036316,3.954724897917384,4.127223833045253,3.8623021278444964,Not specified,Not specified
4/24/2024 0:17,Car/van,Rarely,Parking issues on the streets,Off Peak Hours,10 Minutes,0.0,4.812651098835871,3.8693342589680375,3.5795225795792978,1.758108521105541,3.045564600707092,4.833560242054789,Too much private vehicles,-
3/13/2024 16:19,Bike,Daily,Doesn't have a proper plan for traffic controling ,Peak Hours,10 Minutes,0.0,1.949496236795293,2.737141525691996,1.0671956714611697,2.085526694651592,3.7138844482311577,4.380584938819744,Increase ,Not specified
4/24/2024 8:56,Car/van,Daily,Driver behavior ,Peak Hours,30 Minutes,1.151078815188154,2.8243784196174193,4.023011796880914,2.0814403040717853,4.163408975003297,3.115248604002939,4.2501641972584006,Not specified,Not specified
3/13/2024 16:25,Car/van,Daily,Have the thilakawardana textile ,Peak Hours,20 Minutes,0.8438350394293952,2.181602841102456,1.953515195640196,1.9597569835106776,3.1737763558530205,2.123248813963626,1.7598059707010507,Not specified,Not specified
4/24/2024 7:59,Buses/Lorry,Rarely,Buses are slow,Off Peak Hours,10 Minutes,0.0,2.2745464058831173,1.7912518277043743,1.7847375409697332,2.437437741760487,4.083259614010472,4.001387193175681,Not specified,Not specified
3/13/2024 16:05,Bike,Daily,School time rush,Peak Hours,10 Minutes,0.0,2.027755477745722,2.029237055948104,1.8743135935117978,1.094995320299749,2.77544100993644,1.135603306547721,ðŸ˜ªðŸ˜ª,Anea eaka digainee 
4/24/2024 1:05,Bike,Weekly,Lack of a good traffic light system,Peak Hours,20 Minutes,1.1031722114016163,3.072087787231994,5.0951967809810625,3.381416742527157,5.4938438447709705,4.411633755058003,4.4759450281746656,Traffic light system has been switched off,"In my opinion, having a systematic traffic light system everywhere is a good solution"
3/13/2024 16:04,Bike,Daily,Narrow Road in the town,Peak Hours,20 Minutes,0.9949186263585832,4.729108469208078,3.8251046870780323,4.564380163690823,2.9331569819510164,2.2426077738682553,3.507302058300165,Not specified,Not specified
3/13/2024 18:39,Buses/Lorry,Rarely,.,Off Peak Hours,10 Minutes,0.0,4.024865808481038,4.789690036463995,2.080653919953777,2.9107508523342367,4.795930725523018,4.413772968677173,Not specified,Not specified
4/24/2024 8:56,Car/van,Daily,Driver behavior ,Peak Hours,30 Minutes,0.9074431401690336,3.210464127399651,4.263531313616949,2.428151805758864,4.05107093490247,2.9855093495954796,3.8198245690980843,Not specified,Not specified
4/23/2024 23:09,Car/van,Daily,width of the road,Peak Hours,30 Minutes,0.945372338873651,4.318942382358018,3.66142907863348,1.6255450400513758,3.61271046535261,4.780672034278554,4.106464331031345,major shopping centers availability,no
3/13/2024 16:45,Buses/Lorry,Weekly,Lot of vehicles and road low width of road.,Peak Hours,20 Minutes,0.9147776540883884,5.546293926986544,2.7159794309053926,2.0212249761433814,3.424148336579731,4.703627339273339,3.439564605809336,Not specified,Not specified
3/13/2024 16:22,Buses/Lorry,Weekly,-,Peak Hours,20 Minutes,0.9296713834734396,2.13445485672651,2.904620541847516,0.9441640869540054,2.928304180144232,3.703599333086457,3.1128972346782096,Not specified,Not specified
3/14/2024 9:59,Bike,Daily,No comments ,Peak Hours,30 Minutes,0.95796568381375,2.2848205382466413,1.1938800826487164,2.038437765877688,1.9572607739005976,2.883706106843795,1.8692543204286398,Vehicles ,Nice
3/13/2024 19:14,Bike,Daily,Traffic light timing ,Peak Hours,10 Minutes,0.0,4.170896154911963,5.633273483969572,1.853979911147938,2.1118542252227726,2.666795806641561,2.111436756456742,Not specified,Not specified
3/13/2024 17:42,Buses/Lorry,Rarely,Road is too narrow ,Off Peak Hours,10 Minutes,0.0,4.235312607290075,2.1920857590770053,4.304517028345412,4.098554670842171,4.483476435229669,4.502079574152581,Not specified,Not specified
4/24/2024 1:13,Car/van,Rarely,Lack of a good traffic light system,Off Peak Hours,10 Minutes,0.0,3.12441924662663,4.779602706921803,2.8216690696185847,4.635656299758876,5.543992281093354,4.998082103044289,Traffic light system has been switched off in some places,"In my opinion, having a systematic traffic light system everywhere is a good solution"
4/23/2024 23:33,Bike,Daily,Failure of color lights,Peak Hours,10 Minutes,0.0,1.0213544415513038,4.340499573984466,2.07357274246167,3.0366956725243015,4.3969015901581185,5.726790369587526,Illegal driving,Difficulties of rules
4/24/2024 21:50,Buses/Lorry,Daily,traffic lights/ policeman,Peak Hours,20 Minutes,1.0641108744188805,1.7984650934665765,2.331563988192481,1.950213515716773,2.3168113061827484,1.7280600650807727,1.8332684443509473,policeman,no
3/9/2024 20:47,Buses/Lorry,Daily,"Width of the road , pedestrian density , connected other roads, buses drive slowly with the perspective of having more passengers ",Peak Hours,30 Minutes,1.1232399926776864,4.77873806793568,2.0220928449633795,0.8921676917280857,4.006636998743894,3.1612079525718793,3.209035122969843,All mentioned ,no
3/8/2024 22:51,Bike,Rarely,Lot of vehicles go to Colombo through Kiribathgoda ,Off Peak Hours,10 Minutes,0.0,4.008512164839928,4.295029402296432,2.074598071133576,4.308463419150735,3.705343085877473,4.196430562902959,Not specified,Not specified
3/10/2024 23:50,Car/van,Daily,"JayWalking, Improper road methods by Threewheel Drivers and Bikes",Peak Hours,30 Minutes,0.9475362390292018,5.038067830583797,1.063219410059868,1.044309849632989,2.9786228619706607,4.5805184158554635,5.4575919128697965,Not specified,Not specified
3/13/2024 16:05,Bike,Daily,School time rush,Peak Hours,10 Minutes,0.0,2.0833924195824993,2.113501803379171,2.1736681190745406,1.032767009216051,2.7775959750769674,1.0006747403568421,ðŸ˜ªðŸ˜ª,Anea eaka digainee 
4/23/2024 23:37,Buses/Lorry,Daily,Due to the scarcity of alternative roads,Peak Hours,20 Minutes,0.9317493862455507,3.5181257860680395,3.459435157448206,2.6820368686798766,3.9577940273765364,3.77210980352635,3.8383336172772786,Not specified,Not specified
3/11/2024 8:35,Car/van,Weekly,Un Efficiency traffic police person,Peak Hours,20 Minutes,0.9418681626039734,2.370937086441529,2.9298838004732364,2.0394816166781324,1.0913250966133847,3.051190032519304,0.9462824795798189,Not specified,Not specified
4/23/2024 23:40,Car/van,Rarely,Mahinda rajapaksha,Peak Hours,60 Minutes,0.8486946981438214,2.126224707655542,3.0986957199269796,4.055467794668174,0.881268425538186,2.137380972818282,1.8967901455592284,Ranil,vehicles
4/24/2024 21:50,Buses/Lorry,Daily,traffic lights/ policeman,Peak Hours,20 Minutes,0.8523213589351065,2.0978905339826937,1.9444989823718728,2.134141076318307,1.8864120418096135,2.0019217392105126,2.0902124922641896,policeman,no
4/24/2024 1:13,Car/van,Rarely,Lack of a good traffic light system,Off Peak Hours,10 Minutes,0.0,2.950244039343056,4.566467989191947,2.853320335479467,4.290085270059734,4.811668281350347,4.532312264818771,Traffic light system has been switched off in some places,"In my opinion, having a systematic traffic light system everywhere is a good solution"
4/24/2024 1:11,Buses/Lorry,Daily,Traffic light system has been switched off in some places,Peak Hours,40 Minutes,0.9063741620601549,5.034362519123404,5.611920969537238,4.029089036739127,4.413764370786557,5.07932504649143,5.594551070454927,Not specified,"In my opinion, having a bus lane is a good solution"
3/13/2024 16:12,Bike,Weekly,"Parking issues on the streets , ",Peak Hours,10 Minutes,0.0,5.088714645850932,5.084275574157521,1.0064557873517037,1.9321069778165647,5.132988129872864,4.09035685557306,Not specified,Not specified
3/13/2024 16:18,Other,Weekly,careless vehicle parking,Peak Hours,30 Minutes,1.0662606745272651,1.8819929021460524,2.1652088869350985,1.957947372288871,2.12371990034475,0.9252243270127832,1.8876721244756502,Not specified,Not specified
4/24/2024 1:11,Buses/Lorry,Daily,Traffic light system has been switched off in some places,Peak Hours,40 Minutes,0.9124428230805111,4.829536917590465,4.9067499428213175,4.181712621914168,3.660470664521479,4.683152082382463,4.8000877420707635,Not specified,"In my opinion, having a bus lane is a good solution"
3/13/2024 19:14,Bike,Daily,Traffic light timing ,Peak Hours,10 Minutes,0.0,4.280361978605557,4.731927507905298,2.002244196598027,2.1749147865402425,3.560483889564738,2.021136392014746,Not specified,Not specified
3/13/2024 17:42,Buses/Lorry,Rarely,Road is too narrow ,Off Peak Hours,10 Minutes,0.0,4.315991725127969,1.8910918118671107,3.57325487440689,3.605011219194804,4.272603880188174,3.135046472207222,Not specified,Not specified
3/13/2024 16:25,Car/van,Daily,Have the thilakawardana textile ,Peak Hours,20 Minutes,0.9534905574621471,3.4307933715940973,1.9687388018951084,1.9410478673481568,2.8381988967074623,2.0181660108539075,2.1939247259709713,Not specified,Not specified
3/13/2024 16:04,Bike,Daily,Narrow Road in the town,Peak Hours,20 Minutes,1.0531988508989312,5.262556373173998,3.6836622972734165,5.458779464775314,3.2842740909905914,2.1224125563010694,4.531948659207439,Not specified,Not specified
4/24/2024 10:08,Bike,Rarely,Color light,Peak Hours,30 Minutes,0.8610977545461347,3.867786480707775,4.781283998905474,2.809144432152809,4.790706008022696,1.8891007318992217,4.2090187593061446,Women driving skills,Not specified
3/8/2024 22:25,Car/van,Rarely,Due to textile shops,Off Peak Hours,10 Minutes,0.0,0.9227569043801741,2.8007012598575347,1.8769715267140545,1.9787332172580432,3.35755377129493,3.286528458564308,Police ,Not specified
3/13/2024 16:17,Bike,Daily,Havenâ€™t any different road,Peak Hours,60 Minutes,1.0522485721686003,1.8657608059624293,2.8729765631354764,2.5333636689806576,3.6880427034374885,2.403034444433928,4.1728589723744225,Not specified,Not specified
3/11/2024 6:08,Car/van,Rarely,Crowded/  road signal timing /parking issue ,Peak Hours,20 Minutes,1.0397577790799508,2.927001693978359,3.754032155487476,2.7929977511714155,2.006561724901679,0.9750422488782502,3.367511085696096,Not specified,Not specified
3/13/2024 19:14,Bike,Daily,Traffic light timing ,Peak Hours,10 Minutes,0.0,4.050427156671829,6.196429398517223,2.103539045310216,1.8291239064084213,2.930992055127069,1.839672259065184,Not specified,Not specified
3/13/2024 16:11,Buses/Lorry,Daily,Narrow Road,Off Peak Hours,10 Minutes,0.0,5.4661064583500405,3.974278598823574,3.1766120770478175,1.9371839002201092,4.135045058068022,2.537616463473486,Not specified,Narrow Road
3/8/2024 22:48,Bike,Rarely,Lack of a good traffic light system,Peak Hours,40 Minutes,0.9048918707604224,4.3735436852957585,3.1852313697785126,0.8507312978739596,4.508829114222,2.524819228966194,5.0384955396482844,Not specified,Not specified
3/9/2024 20:47,Buses/Lorry,Daily,"Width of the road , pedestrian density , connected other roads, buses drive slowly with the perspective of having more passengers ",Peak Hours,30 Minutes,0.939078739458658,4.481361213150874,2.133609364357034,1.118364192949286,4.821195700704014,3.2640046527453106,3.5474004754459756,All mentioned ,no
4/24/2024 7:59,Buses/Lorry,Rarely,Buses are slow,Off Peak Hours,10 Minutes,0.0,1.9561821016603553,1.7779558211720023,1.9027971048764005,3.426486037861206,3.9632689594639907,4.604803615384007,Not specified,Not specified
4/24/2024 7:05,Bike,Rarely,No any different ways to use for colombo,Peak Hours,20 Minutes,1.0652031966252125,2.122037011332994,2.3624001648751216,2.043575775487035,3.0076558715769233,3.369233216567393,3.431590334673099,No,No
4/23/2024 23:58,Bike,Weekly,Narrowing of the road,Peak Hours,20 Minutes,1.1317413741278919,2.122423754605719,0.799484075214138,2.8550503644560825,1.912295049733176,0.9144053751996984,2.6999031144472605,Not specified,Not specified
4/23/2024 23:33,Bike,Daily,Failure of color lights,Peak Hours,10 Minutes,0.0,1.0020365194740009,4.131720631392538,2.2575172537673787,2.8212494561564094,4.474830604850698,3.8259299996353797,Illegal driving,Difficulties of rules
3/9/2024 20:47,Buses/Lorry,Daily,"Width of the road , pedestrian density , connected other roads, buses drive slowly with the perspective of having more passengers ",Peak Hours,30 Minutes,0.8315831839728854,5.512617360694749,2.1301919143754753,0.9171041370111304,4.780162710660555,2.6976695380759868,2.541781719251114,All mentioned ,no
4/23/2024 23:59,Three wheel,Rarely,Bad,Peak Hours,30 Minutes,1.03549553651526,1.0405849968713698,1.7658398268614635,1.934319015312102,3.2099246328858904,2.6151310710629514,3.151660726110189,Not specified,Not specified
4/24/2024 8:56,Car/van,Daily,Driver behavior ,Peak Hours,30 Minutes,1.0689990041488162,3.176906445004839,3.893044659104679,2.008637871590044,4.487188790527759,2.6371484271587624,3.315815046688743,Not specified,Not specified
3/8/2024 22:19,Car/van,Daily,Time wasting ,Peak Hours,50 Minutes,0.9633811238713916,3.9408197645821534,4.054018232774026,3.641650996937324,4.399619740426955,3.6506154085945557,4.075951750586081,Not specified,Not specified
3/8/2024 22:19,Car/van,Daily,Time wasting ,Peak Hours,50 Minutes,1.1596830253778263,3.793191528364299,3.3497288523771784,3.508959652752077,4.615005322250724,4.167169498070725,3.5107352796566187,Not specified,Not specified
3/8/2024 22:48,Bike,Rarely,Lack of a good traffic light system,Peak Hours,40 Minutes,0.8309570868511251,5.257718114735706,2.9170023309321245,0.8878783603403922,5.005678110260115,3.114844854035171,4.720925996042408,Not specified,Not specified
3/11/2024 5:56,Buses/Lorry,Daily,Many vehicle ,Peak Hours,50 Minutes,1.1509650699714884,2.61316758930894,2.098916918144374,2.1369889142000744,0.7446133686182997,3.084517634562475,3.1114555410068974,Not specified,Not specified
3/11/2024 5:56,Buses/Lorry,Daily,Many vehicle ,Peak Hours,50 Minutes,1.205591570441775,2.894773636006755,1.8804988171236163,2.4317040315221368,1.0426400894084407,2.745963592892722,3.175665948030402,Not specified,Not specified
4/23/2024 23:09,Car/van,Daily,width of the road,Peak Hours,30 Minutes,0.970565711896293,4.525677361943394,2.9603542973195127,1.6664200607705841,3.5907313020416787,4.774099504696476,3.9225296394556217,major shopping centers availability,no
4/23/2024 23:09,Car/van,Daily,width of the road,Peak Hours,30 Minutes,1.1402615454524703,3.488484688350721,2.5571449531956643,2.2394922571143536,4.484356573867022,5.392698915981287,3.7546159281628224,major shopping centers availability,no
3/11/2024 8:35,Car/van,Weekly,Un Efficiency traffic police person,Peak Hours,20 Minutes,0.9145066254984289,1.8557914701806209,3.2826420706940933,1.9811919455971596,0.8759378393524029,3.4784906538116083,0.9948563770833267,Not specified,Not specified
3/13/2024 16:05,Bike,Daily,School time rush,Peak Hours,10 Minutes,0.0,2.3658243455824794,1.8214143443969877,1.9527815527350978,1.0538460332949604,2.932671215739755,0.9844124662937244,ðŸ˜ªðŸ˜ª,Anea eaka digainee 
3/11/2024 3:58,Car/van,Daily,Traffic signals ,Peak Hours,40 Minutes,0.8575346001307779,5.190816614957601,4.348582438541992,4.086668362688168,4.0122360203273795,3.0245606050399965,3.3934496784965287,Not specified,Not specified
3/13/2024 16:11,Car/van,Rarely,Rush hours and the amount of vehicles on that hours,Peak Hours,10 Minutes,0.0,1.7859545970348873,1.1261148372562242,0.7092114365744064,4.365474604084387,3.8036544345094865,2.1468440217406695,Not specified,Not specified
3/8/2024 22:51,Bike,Rarely,Lot of vehicles go to Colombo through Kiribathgoda ,Off Peak Hours,10 Minutes,0.0,3.928243694591568,3.6931038664233893,1.9556534097873886,4.6573036808428965,3.5988117382410993,3.896064791637073,Not specified,Not specified
4/23/2024 23:58,Bike,Weekly,Narrowing of the road,Peak Hours,20 Minutes,1.006118414482502,1.9256200290934598,0.9623361342186805,3.0300005115967625,1.9542797641232073,1.0280098053547297,2.8378686128098196,Not specified,Not specified
3/13/2024 16:17,Bike,Daily,Havenâ€™t any different road,Peak Hours,60 Minutes,1.0812574650805662,2.223942464782896,3.593242514941389,1.810600474943755,4.7210323084991135,2.3069931633206386,3.2468473570455174,Not specified,Not specified
3/13/2024 16:11,Bike,Weekly,Too much vehicles on the road ,Peak Hours,20 Minutes,0.874413828362453,3.179661829075689,2.8512305723339253,3.032669200098038,2.6075051897037302,1.56956342982254,2.805693600848051,The traffic police not doing their duty correctly ,Not specified
3/13/2024 16:18,Other,Weekly,careless vehicle parking,Peak Hours,30 Minutes,0.9067838773102443,1.5955282145349268,2.144966935828769,2.055770486058723,1.8854351316609619,0.9950271648548934,1.9283255457537931,Not specified,Not specified
3/11/2024 5:56,Buses/Lorry,Daily,Many vehicle ,Peak Hours,50 Minutes,0.9427748719486139,3.059339123620365,2.042725384146529,1.755492284273082,0.9522476557520754,3.1437179898271532,3.3164355112255453,Not specified,Not specified
3/13/2024 16:11,Car/van,Rarely,Rush hours and the amount of vehicles on that hours,Peak Hours,10 Minutes,0.0,2.173785237345542,0.8513497912440876,0.9757721159052116,4.165594899123912,3.9511800625580236,1.735424633839439,Not specified,Not specified
3/13/2024 17:41,Buses/Lorry,Weekly,road is too narrow.,Peak Hours,10 Minutes,0.0,4.711766719074751,3.743914138394323,3.4703339826756308,3.045774768475172,2.658150984780901,4.849853941873006,Not specified,Not specified
3/11/2024 3:58,Car/van,Daily,Traffic signals ,Peak Hours,40 Minutes,1.0224707809334654,5.314659712438238,3.5172200466525547,4.045361964977477,3.4963774143738995,2.804752122831607,2.8778714552019644,Not specified,Not specified
3/13/2024 17:41,Buses/Lorry,Weekly,road is too narrow.,Peak Hours,10 Minutes,0.0,5.069377010287153,4.33212221032244,3.1577272354420756,2.7100174024746475,3.5005899944682692,4.576728212318233,Not specified,Not specified
3/11/2024 5:56,Buses/Lorry,Daily,Many vehicle ,Peak Hours,50 Minutes,1.0760252999709496,3.308095904682326,1.7274039225235358,2.0960934651242358,0.986637936300392,2.7557147834743696,2.8477967508500943,Not specified,Not specified
3/13/2024 16:12,Bike,Weekly,"Parking issues on the streets , ",Peak Hours,10 Minutes,0.0,5.049512094131083,4.082655304344517,0.9576236208839631,1.9847616132013137,4.541008629586271,4.325245794483935,Not specified,Not specified
3/8/2024 22:25,Car/van,Rarely,Due to textile shops,Off Peak Hours,10 Minutes,0.0,1.056405419762246,2.348570429433887,1.6575326401216883,1.7644799775520492,3.393171131606283,2.9236846201086673,Police ,Not specified
3/13/2024 16:11,Buses/Lorry,Daily,Narrow Road,Off Peak Hours,10 Minutes,0.0,4.4188202598462825,4.010398868048032,2.5257917281146938,1.9501814734210583,3.9321859893455904,3.1092304700692344,Not specified,Narrow Road
3/8/2024 23:01,Car/van,Weekly,Clothing stores,Peak Hours,20 Minutes,0.90402819360694,1.6893431771966485,2.6717734488819165,4.141645654931746,2.1067319656307557,4.899317530795504,4.961392381684938,Not specified,Not specified
3/13/2024 16:26,Car/van,Daily,Because of the side roads to access the main road,Peak Hours,20 Minutes,0.9046639455874248,2.0688577714817606,3.3664174763244272,2.1990518383106465,4.333328853197315,1.8164368230440489,1.7091954243137288,-,No
4/24/2024 1:17,Bike,Weekly,Color light system,Peak Hours,10 Minutes,0.0,3.249328448880189,2.817635296930194,2.556194149520386,2.833894828697138,1.9549959366101044,2.0541820723188455,Not specified,Not specified
4/23/2024 23:59,Three wheel,Rarely,Bad,Peak Hours,30 Minutes,1.0955810670788,0.9469494762836698,1.695163456430088,1.8114815627031646,2.552478662681555,3.313326903350755,2.5764909628942085,Not specified,Not specified
3/8/2024 22:19,Car/van,Daily,Time wasting ,Peak Hours,50 Minutes,0.8831789135484864,4.1875355777025405,3.999800422496073,4.502114818425189,3.6999391879702963,4.26485731347358,3.876784944145056,Not specified,Not specified
3/13/2024 16:40,Buses/Lorry,Rarely,Road is not wide enough ,Peak Hours,20 Minutes,0.8386981560922906,0.9222743880745075,1.9769691947793564,1.8741301634237373,2.152809770821262,2.208771322315029,1.9618389416889088,Not specified,Not specified
3/8/2024 22:25,Car/van,Rarely,Due to textile shops,Off Peak Hours,10 Minutes,0.0,1.0850579865926506,2.6546746115374495,1.9021581271951793,2.084742277486909,2.7689937274450953,3.210733120352569,Police ,Not specified
3/14/2024 9:59,Bike,Daily,No comments ,Peak Hours,30 Minutes,1.0970570829454986,2.033890042985744,0.8613613530556885,2.263382010989222,2.2516779982529678,3.0253072037083677,2.145640264707917,Vehicles ,Nice
4/24/2024 7:05,Bike,Rarely,No any different ways to use for colombo,Peak Hours,20 Minutes,0.9632748233573389,2.1580132117958946,2.7341645754192876,2.087223688749307,3.18669821266182,3.1142227358887187,2.6075258295447488,No,No
3/13/2024 16:40,Buses/Lorry,Rarely,Road is not wide enough ,Peak Hours,20 Minutes,0.9116803872055884,1.0525865639682992,1.7209601532602186,1.9645331207926995,1.882502988854469,2.2671598330975167,2.2698154585123405,Not specified,Not specified
3/13/2024 16:40,Buses/Lorry,Rarely,Road is not wide enough ,Peak Hours,20 Minutes,0.8865020894707489,0.895341923458305,2.1407213702717405,2.289395121488058,1.7704400353603793,2.2817169694189943,1.9298685974823007,Not specified,Not specified
4/24/2024 1:17,Bike,Weekly,Color light system,Peak Hours,10 Minutes,0.0,3.2584706673484343,2.5212044083761507,2.767365330375211,2.6012368987529446,2.0911315144889118,1.6715191204629762,Not specified,Not specified
3/13/2024 16:26,Bike,Daily,Driverâ€™s behavior ,Peak Hours,20 Minutes,1.1746329301319198,2.9199794332480047,2.979302706621816,4.020255187294766,2.691247027693677,4.378054296221496,4.38595233246924,Not specified,Not specified
3/13/2024 16:17,Bike,Daily,Havenâ€™t any different road,Peak Hours,60 Minutes,0.806900797503395,1.951955394384994,2.8759164408833837,1.9712534395428434,3.9986980507131364,3.756843948223004,4.35384320694316,Not specified,Not specified
4/24/2024 21:50,Buses/Lorry,Daily,traffic lights/ policeman,Peak Hours,20 Minutes,1.0230294264148683,1.9410313501918803,1.8538251774645258,1.9886027107407909,1.9689774851838144,1.801968512121708,1.7328557785888254,policeman,no
4/24/2024 7:05,Bike,Rarely,No any different ways to use for colombo,Peak Hours,20 Minutes,1.005431927111542,1.9215094721563528,3.1519337211714875,1.8307857050802998,2.673720576297529,3.3284422914081166,3.081785943425267,No,No
3/13/2024 16:11,Buses/Lorry,Daily,Narrow Road,Off Peak Hours,10 Minutes,0.0,5.7298277077991795,4.027098552818745,3.2075644576483535,2.3201580307121383,4.077176811543975,2.7655208460806966,Not specified,Narrow Road
3/13/2024 16:12,Three wheel,Daily,Two Vehicle lines near the town,Peak Hours,30 Minutes,0.883329256766323,4.947434104731348,3.694626199255086,3.3546111311896114,3.335710229440172,4.0760886497819095,3.7627904951745528,Not specified,Not specified
3/13/2024 16:18,Other,Weekly,careless vehicle parking,Peak Hours,30 Minutes,0.9655777194300685,2.0051592925676758,1.8716339106184856,1.9455166091431557,1.6797836428286004,0.9780788831512514,2.024996518582553,Not specified,Not specified
4/24/2024 1:13,Car/van,Rarely,Lack of a good traffic light system,Off Peak Hours,10 Minutes,0.0,3.567689288211719,6.24846222167954,2.3624764376384313,4.435120806915011,5.1743561003596925,4.965267139405077,Traffic light system has been switched off in some places,"In my opinion, having a systematic traffic light system everywhere is a good solution"
3/13/2024 16:13,Bike,Daily,Police officers,Peak Hours,10 Minutes,0.0,0.9151563784307091,3.0328259913765496,0.8124636244058343,2.8912589741615045,0.8902168674186952,1.5184340430253616,ðŸ˜•,Not specified
3/11/2024 5:56,Buses/Lorry,Daily,Many vehicle ,Peak Hours,50 Minutes,0.9320283780788079,3.1979542864281694,2.0903354964118868,1.9699010222274285,1.0515976414949404,3.28843996180822,3.2384698507060237,Not specified,Not specified
4/24/2024 7:05,Bike,Rarely,No any different ways to use for colombo,Peak Hours,20 Minutes,1.09703440883903,2.1146313683687374,3.0998895866450784,2.2537746266687213,2.5946418760945322,2.4311196113378903,2.862072640781209,No,No
3/13/2024 19:14,Bike,Daily,Traffic light timing ,Peak Hours,10 Minutes,0.0,4.4170631583504365,5.216428232462418,1.9438101715234057,2.2623715046407114,3.3572919886440693,1.957255583311407,Not specified,Not specified
4/23/2024 23:11,Buses/Lorry,Daily,bus stop time is high ,Peak Hours,30 Minutes,0.91898689940771,5.4904154561906635,2.5963482691558615,1.9503347256058858,4.786904982252533,4.457206995738156,3.979067167818751,high pedestrian density,no
4/23/2024 23:40,Car/van,Rarely,Mahinda rajapaksha,Peak Hours,60 Minutes,0.8433177606266078,2.011174177194256,3.3121316320805785,3.5338768598051753,0.9771921378093892,2.3173667035938093,2.082660924117844,Ranil,vehicles
3/13/2024 19:14,Bike,Daily,Traffic light timing ,Peak Hours,10 Minutes,0.0,3.857272351693516,4.8364217620443695,1.7816569533383293,1.6442518123495102,3.4025794425616946,2.13384945627173,Not specified,Not specified
3/13/2024 16:26,Buses/Lorry,Rarely,too much personal  vehicle usage,Peak Hours,20 Minutes,0.9972296267199476,2.7565209906090984,3.710340959986704,1.7972839916224315,3.266362905783029,3.943349794312873,4.264408928055567,protests and parades like events,Not specified
4/24/2024 1:17,Bike,Weekly,Color light system,Peak Hours,10 Minutes,0.0,2.9584985656439944,3.011880399299937,2.86991017711149,2.6297839999684447,1.9296341465871203,1.869258457750524,Not specified,Not specified
3/13/2024 16:26,Bike,Daily,Driverâ€™s behavior ,Peak Hours,20 Minutes,0.9072448327598621,3.1616242371374135,2.9717005055476733,3.6448272075170753,2.783340880872457,3.5662933346156294,4.519404891195233,Not specified,Not specified
4/23/2024 23:33,Bike,Daily,Failure of color lights,Peak Hours,10 Minutes,0.0,1.1507886213723153,3.7935816462623344,2.2285883957515082,3.2920312853260745,3.5732451232775224,5.39267806690285,Illegal driving,Difficulties of rules
3/13/2024 16:13,Bike,Daily,Police officers,Peak Hours,10 Minutes,0.0,1.0642232947560326,2.7607003123160077,1.0683904591411588,2.9603646540324124,1.1492009119798918,2.109509630474534,ðŸ˜•,Not specified
4/24/2024 0:17,Car/van,Rarely,Parking issues on the streets,Off Peak Hours,10 Minutes,0.0,4.066981435990202,4.5331533413991965,2.735696823217852,1.8856430194152887,2.5627929249630936,5.752068156844539,Too much private vehicles,-
3/13/2024 16:40,Buses/Lorry,Rarely,Road is not wide enough ,Peak Hours,20 Minutes,0.9078278744076707,0.941072518553133,1.6722097477356876,1.7508367616290652,2.0163895002936925,1.960583137437284,1.9013320282408013,Not specified,Not specified
3/11/2024 6:08,Car/van,Rarely,Crowded/  road signal timing /parking issue ,Peak Hours,20 Minutes,1.037531357601576,2.8552979774811234,4.144900040530905,3.4407602684537504,1.944027411523995,1.0426250292031498,3.9742244807494953,Not specified,Not specified
3/13/2024 16:22,Bike,Daily,More vehicles ,Off Peak Hours,20 Minutes,0.8414202384487814,2.2776824338491917,2.1751650232246185,3.172801839828682,2.1221529511340784,2.0965903379989976,3.4141957974889, When road is narrow ,Not specified
3/13/2024 16:04,Bike,Daily,Narrow Road in the town,Peak Hours,20 Minutes,1.074359097771116,5.355714921307157,4.532342468264789,5.321602042884621,3.163149049622346,1.8191352208947147,4.186521606727908,Not specified,Not specified
4/24/2024 1:04,Bike,Daily,Width of the road is small ,Peak Hours,10 Minutes,0.0,1.6861489806034888,1.8684705226281828,2.840242543728155,2.9218144594238478,2.5979856930421286,0.9733703152916454,The traffic policies are not work properly,Not specified
3/13/2024 16:18,Other,Weekly,careless vehicle parking,Peak Hours,30 Minutes,1.1185130889685424,1.8384160311734443,2.439032041530311,2.3869169000875,2.0129067425111935,0.9330629983448651,2.046663603951429,Not specified,Not specified
4/23/2024 23:33,Bike,Daily,Failure of color lights,Peak Hours,10 Minutes,0.0,0.9463770613006105,3.5987410660368235,1.937724317967217,2.5077786812748886,3.558472829877725,4.856665142074418,Illegal driving,Difficulties of rules
3/13/2024 16:26,Buses/Lorry,Rarely,too much personal  vehicle usage,Peak Hours,20 Minutes,1.058721594137925,3.082658772530948,3.8019770424064436,2.1887821686504565,3.146248141853471,4.56093733302464,4.033485106193919,protests and parades like events,Not specified
4/24/2024 1:11,Buses/Lorry,Daily,Traffic light system has been switched off in some places,Peak Hours,40 Minutes,0.9412490876008432,4.839267516861297,4.485642201055258,4.354146625420054,3.8762581558292135,5.645388153817656,4.870284472759642,Not specified,"In my opinion, having a bus lane is a good solution"
4/24/2024 1:13,Car/van,Rarely,Lack of a good traffic light system,Off Peak Hours,10 Minutes,0.0,3.1945716835925273,4.345866827400106,3.2116987716488623,5.101065554791047,4.8664782938040405,4.930445446770742,Traffic light system has been switched off in some places,"In my opinion, having a systematic traffic light system everywhere is a good solution"
3/13/2024 16:17,Bike,Daily,Havenâ€™t any different road,Peak Hours,60 Minutes,1.0393960247288532,1.8459897675310293,2.7479762193955493,1.7825856365605823,3.2473031032018276,2.541076814995349,3.878885733513832,Not specified,Not specified
3/11/2024 5:56,Buses/Lorry,Daily,Many vehicle ,Peak Hours,50 Minutes,0.972828020363619,3.1048573756295053,1.8199803970729316,2.0142296377870417,1.1681962913119561,2.653195425272432,3.052421357860317,Not specified,Not specified
4/23/2024 23:47,Bike,Daily,"Vehicle load, attitudes of drivers, road crossing traffic, Heavy vehicles ",Peak Hours,10 Minutes,0.0,2.1469089509527115,4.212673760480017,2.0881082192455027,3.082640774476994,1.0128208584373724,2.0826412067179816,Not specified,Not specified
3/8/2024 22:51,Bike,Rarely,Lot of vehicles go to Colombo through Kiribathgoda ,Off Peak Hours,10 Minutes,0.0,3.9874301216224803,4.290440448888172,2.1524599866186014,4.114100113729722,3.7170271396110275,3.960175046005042,Not specified,Not specified
3/8/2024 22:51,Bike,Rarely,Lot of vehicles go to Colombo through Kiribathgoda ,Off Peak Hours,10 Minutes,0.0,4.1512919707400915,4.1565252922368146,2.0037054062666506,4.098292372199183,3.742596272353733,4.7155446387312345,Not specified,Not specified
4/24/2024 1:05,Bike,Weekly,Lack of a good traffic light system,Peak Hours,20 Minutes,1.0410122268929183,2.692239783098166,5.981819088672143,3.0651887757449634,5.6369669106697025,3.391850375926343,4.416311573025238,Traffic light system has been switched off,"In my opinion, having a systematic traffic light system everywhere is a good solution"
4/24/2024 1:05,Bike,Weekly,Lack of a good traffic light system,Peak Hours,20 Minutes,1.1356096669988789,3.0155064574393355,4.339030892237287,2.86821458600826,4.75135372222013,4.164868886548819,4.936105305818661,Traffic light system has been switched off,"In my opinion, having a systematic traffic light system everywhere is a good solution"
3/11/2024 5:57,Buses/Lorry,Daily,"Shopping , colour lights",Peak Hours,20 Minutes,1.0338090840239886,3.1133267401348643,2.8826782621703178,3.7858148024148304,2.0888180095636635,3.280379576151044,4.275228629386824,Not specified,Not specified
3/13/2024 16:22,Buses/Lorry,Weekly,-,Peak Hours,20 Minutes,0.9668587667644544,1.8603098332531363,2.9988049753264616,1.1316755840682875,3.2834412329652083,3.597663797724644,3.0375350566038346,Not specified,Not specified
4/23/2024 23:40,Car/van,Rarely,Mahinda rajapaksha,Peak Hours,60 Minutes,0.9114046165965216,1.9853382384146934,3.1368271570876987,3.7318819553626885,0.8365921160337314,2.3377189809090435,2.142206124957716,Ranil,vehicles
4/24/2024 10:08,Bike,Rarely,Color light,Peak Hours,30 Minutes,1.390952997751746,3.8487792352381125,5.031620288347607,3.2325791853918693,3.961520028990595,2.0954737858551455,4.265228287475663,Women driving skills,Not specified
3/11/2024 6:08,Car/van,Rarely,Crowded/  road signal timing /parking issue ,Peak Hours,20 Minutes,0.8101666174897086,2.5034706457592444,3.553749298516397,2.8727894020309046,2.0488825350276683,0.9776814245387787,3.225096870745098,Not specified,Not specified
4/23/2024 23:27,Three wheel,Daily,Careless passenger transfer across the kandy road,Peak Hours,20 Minutes,1.0176276102968538,0.9902220105415891,4.63657368469612,1.9939499543590369,4.6909381946630075,3.27373755991833,3.748857556463879,Failure of Color light system ,Minimal police intervention
4/24/2024 1:17,Bike,Weekly,Color light system,Peak Hours,10 Minutes,0.0,3.4105614838754015,3.156359506200127,3.4074396667076723,3.457880986440685,2.4728299581936724,2.1225583898595555,Not specified,Not specified
4/23/2024 23:11,Buses/Lorry,Daily,bus stop time is high ,Peak Hours,30 Minutes,1.058147684117246,5.313070556295085,3.565693783088853,1.9100377848665406,3.950264206007317,3.925076274965024,4.031203811977595,high pedestrian density,no
3/11/2024 0:20,Car/van,Weekly,Two much junctions and color lights,Peak Hours,10 Minutes,0.0,4.4272431171314715,5.254215603325454,3.1931599554269354,4.529351390076502,2.335658833316755,1.015488968396653,Not specified,Not specified
3/13/2024 16:13,Bike,Daily,Police officers,Peak Hours,10 Minutes,0.0,1.0919266868613282,2.912412785609428,0.9493391390476227,3.2499645814212665,1.032946859097795,2.026111308440322,ðŸ˜•,Not specified
3/11/2024 8:35,Car/van,Weekly,Un Efficiency traffic police person,Peak Hours,20 Minutes,0.838543631629537,1.9406566918735588,2.9435489126868957,1.8552254180247032,1.0925690031096689,2.8585832657621375,1.099928139305586,Not specified,Not specified
3/13/2024 16:04,Bike,Daily,Narrow Road in the town,Peak Hours,20 Minutes,0.9402354466238917,4.708223288855791,3.8821605222804205,4.682885642047675,2.718640342623295,2.0888286909833758,4.519357719095306,Not specified,Not specified
4/24/2024 1:13,Car/van,Rarely,Lack of a good traffic light system,Off Peak Hours,10 Minutes,0.0,2.8665680483850258,5.095444239366762,2.8852565852716237,5.10402895197224,3.910059393723395,4.834113172970309,Traffic light system has been switched off in some places,"In my opinion, having a systematic traffic light system everywhere is a good solution"
3/13/2024 16:40,Buses/Lorry,Rarely,Road is not wide enough ,Peak Hours,20 Minutes,0.8819217659160564,0.9011454350361159,1.5649645152191218,1.8784845823108272,2.0627468479433624,2.2158868035956663,1.7480032874620417,Not specified,Not specified
3/13/2024 16:26,Bike,Daily,Driverâ€™s behavior ,Peak Hours,20 Minutes,0.968338076157533,2.9098243819236527,3.0914467696942936,4.109936862828556,3.289725941096905,4.220445082346591,3.853371268143407,Not specified,Not specified
3/8/2024 22:19,Car/van,Daily,Time wasting ,Peak Hours,50 Minutes,0.9200146143602217,4.018818581865111,3.0979077068807186,4.3204552254050235,3.9937267490281685,4.2745244433251015,3.3287613543670735,Not specified,Not specified
3/13/2024 16:17,Car/van,Rarely,-,Off Peak Hours,10 Minutes,0.0,2.1247470870901104,2.4942949341406204,1.8949355596327302,2.268155912128972,1.9686907260167332,1.9288623379305216,-,-
3/13/2024 16:17,Bike,Daily,Havenâ€™t any different road,Peak Hours,60 Minutes,0.929871918655546,1.9645007799007654,2.2494361264215836,2.214817467846762,4.409775232106676,3.0433795232200174,3.792654095624694,Not specified,Not specified
4/24/2024 7:59,Buses/Lorry,Rarely,Buses are slow,Off Peak Hours,10 Minutes,0.0,1.647181598155157,2.224852613582207,1.9016169242480048,2.663083990555525,3.910717650417417,3.920192052514265,Not specified,Not specified
4/24/2024 1:05,Bike,Weekly,Lack of a good traffic light system,Peak Hours,20 Minutes,1.0062641410907391,2.708251719165982,6.232952938804116,3.4369643452729957,4.2883654619672935,3.9633081690596033,5.2670024366295385,Traffic light system has been switched off,"In my opinion, having a systematic traffic light system everywhere is a good solution"
3/13/2024 16:26,Bike,Daily,Driverâ€™s behavior ,Peak Hours,20 Minutes,1.0067086895493118,3.03658467309603,3.168436145037118,3.715414838501012,3.0758493248198358,4.21783387550367,3.719147573788555,Not specified,Not specified
3/13/2024 16:25,Car/van,Daily,Have the thilakawardana textile ,Peak Hours,20 Minutes,1.0174013043088124,2.721456427230212,2.01274731236598,2.033714534443708,3.2797549772292687,1.802510625453741,1.7941404306060271,Not specified,Not specified
4/24/2024 21:50,Buses/Lorry,Daily,traffic lights/ policeman,Peak Hours,20 Minutes,1.0955366769163022,2.03474731380781,2.1311056700184525,1.9343204341502138,1.9581051845739739,1.9124110796267244,2.113837432934223,policeman,no
3/11/2024 8:35,Car/van,Weekly,Un Efficiency traffic police person,Peak Hours,20 Minutes,0.8926301839655713,2.0161304182828093,2.8572542004862576,1.4267616418052573,1.1115529257893593,3.2959080063628168,0.9508350162684747,Not specified,Not specified
4/23/2024 23:37,Buses/Lorry,Daily,Due to the scarcity of alternative roads,Peak Hours,20 Minutes,1.0928472100930129,2.734717295472331,3.293542374399755,3.1488362398581176,3.7699769212752754,4.189576136773316,3.9625327222231297,Not specified,Not specified
4/23/2024 23:58,Bike,Weekly,Narrowing of the road,Peak Hours,20 Minutes,1.0877842799314101,1.979217541539571,1.0412870023559817,2.8954421725518578,1.9094586189173754,1.0406980730590227,3.208928837570128,Not specified,Not specified
3/13/2024 16:04,Bike,Daily,Narrow Road in the town,Peak Hours,20 Minutes,1.0272494596976527,4.685542284671044,3.593491861420477,4.41816629314576,2.9347977703707557,2.127283121881194,4.544570150035902,Not specified,Not specified
3/13/2024 16:25,Car/van,Daily,Have the thilakawardana textile ,Peak Hours,20 Minutes,1.241026576851435,3.1460101140729035,1.9273786821232461,1.9724083574640074,3.1633600596714535,2.03480319204403,2.0922330325356784,Not specified,Not specified
3/13/2024 16:11,Bike,Weekly,Too much vehicles on the road ,Peak Hours,20 Minutes,0.9906717193663522,2.8796947661185692,2.733060524935993,3.6065796927615823,2.9286676272477146,1.5176875393971991,3.2121900648151547,The traffic police not doing their duty correctly ,Not specified
3/13/2024 16:07,Bike,Daily,Police and the less wide roads,Peak Hours,20 Minutes,0.884925947972261,4.485069415870246,3.8683780968831285,0.9928207186295154,0.9295599872559562,3.2828440000640517,2.3690374529199856,Not specified,Not specified
4/24/2024 7:05,Bike,Rarely,No any different ways to use for colombo,Peak Hours,20 Minutes,0.9365228146338093,2.2317760933869657,3.467116300949379,1.7040176337290371,3.190550131264217,2.834146939372212,2.7367029044514357,No,No
4/23/2024 23:37,Buses/Lorry,Daily,Due to the scarcity of alternative roads,Peak Hours,20 Minutes,0.9506036446529379,3.1961919814515065,2.9084072197445394,2.9278507734629375,3.885198013878155,4.189427931837668,4.099413294658529,Not specified,Not specified
4/23/2024 23:37,Buses/Lorry,Daily,Due to the scarcity of alternative roads,Peak Hours,20 Minutes,1.0469362499796036,2.9063112474431994,2.688760907168337,2.7224419783963714,3.5548875761785785,3.9725969332511086,4.069078567211386,Not specified,Not specified
3/13/2024 16:13,Bike,Daily,Police officers,Peak Hours,10 Minutes,0.0,0.9810099928534066,4.012549022751099,1.0317167492002473,3.6887941269809557,1.0719073724219141,2.092593604265235,ðŸ˜•,Not specified
3/8/2024 22:51,Bike,Rarely,Lot of vehicles go to Colombo through Kiribathgoda ,Off Peak Hours,10 Minutes,0.0,3.565131757705339,3.758532974335421,2.0670876618869385,3.948731716251338,3.802213124751543,4.137671431278219,Not specified,Not specified
3/11/2024 3:58,Car/van,Daily,Traffic signals ,Peak Hours,40 Minutes,1.0233020660935988,5.193436512716727,4.418955938096648,4.363191337785105,4.611311397447437,3.030921995250047,2.9422181535528096,Not specified,Not specified
3/13/2024 16:17,Car/van,Rarely,-,Off Peak Hours,10 Minutes,0.0,1.9415012470038946,2.2688630022480756,1.7728952257206418,2.0053499140252127,1.8257223815864794,1.9536330190518556,-,-
4/24/2024 0:17,Car/van,Rarely,Parking issues on the streets,Off Peak Hours,10 Minutes,0.0,3.6312118625445335,3.941093603087068,3.293120676692163,1.8868300197032133,2.823123473723544,5.703745000691647,Too much private vehicles,-
4/24/2024 8:56,Car/van,Daily,Driver behavior ,Peak Hours,30 Minutes,1.121375858602258,3.6637998131642973,3.3669934534331403,1.9983858722522356,3.431290016307626,3.0094143485407416,4.18312759196953,Not specified,Not specified
4/24/2024 0:17,Car/van,Rarely,Parking issues on the streets,Off Peak Hours,10 Minutes,0.0,3.870145172778971,4.2327273397336675,2.9846666347280375,2.2088287242827596,3.256949228026092,5.164189874855789,Too much private vehicles,-
3/13/2024 16:11,Bike,Weekly,Too much vehicles on the road ,Peak Hours,20 Minutes,1.0271608815669837,3.1303571609733583,2.5174605090163826,3.055658393359292,3.048910665518439,2.286867703926841,3.4447085282874754,The traffic police not doing their duty correctly ,Not specified
4/24/2024 1:05,Bike,Weekly,Lack of a good traffic light system,Peak Hours,20 Minutes,0.9850969635235111,3.3567517496941557,4.845141892516579,3.341607776517022,4.855146984082531,4.8514327055429955,4.423250952359447,Traffic light system has been switched off,"In my opinion, having a systematic traffic light system everywhere is a good solution"
4/23/2024 23:27,Three wheel,Daily,Careless passenger transfer across the kandy road,Peak Hours,20 Minutes,0.7303066043429277,1.1309765314823912,4.792160259135073,2.145850036958601,3.9363060037569686,4.2407577287841125,4.159873733721703,Failure of Color light system ,Minimal police intervention
4/24/2024 6:35,Bike,Weekly,Bus stops more time,Peak Hours,20 Minutes,1.1266237479465686,3.5766403777917293,4.58516851290792,4.781117270402372,4.417325322175759,5.483672234834158,4.160755471755186,"Population
",No
3/13/2024 16:07,Bike,Daily,Police and the less wide roads,Peak Hours,20 Minutes,1.1887392309585312,5.058170163347036,3.981566644316174,1.1036750394319867,0.8754638743875729,3.070792607740272,1.4709989159625896,Not specified,Not specified
4/24/2024 1:13,Car/van,Rarely,Lack of a good traffic light system,Off Peak Hours,10 Minutes,0.0,3.322004866114474,5.267208381840771,3.2797664064712366,5.255017470535762,5.561787983787044,5.223043899450868,Traffic light system has been switched off in some places,"In my opinion, having a systematic traffic light system everywhere is a good solution"
3/13/2024 16:22,Buses/Lorry,Weekly,-,Peak Hours,20 Minutes,0.9338448589579674,2.430028868621531,2.8782856514527957,0.9104977614016456,2.537372905320413,4.576231907679727,2.762336350904049,Not specified,Not specified
4/24/2024 1:05,Bike,Weekly,Lack of a good traffic light system,Peak Hours,20 Minutes,1.0519253116831337,3.124192944774893,4.6117268580537,3.6864584881113798,5.330826341081919,3.54800126387526,4.890113110317386,Traffic light system has been switched off,"In my opinion, having a systematic traffic light system everywhere is a good solution"
4/24/2024 9:29,Car/van,Daily,Humans are not following road rules and parking issues on both sides of the road,Off Peak Hours,10 Minutes,0.0,1.788733897933271,4.243965612754544,1.0436483218795305,3.1225960924480782,4.118370759408988,4.964218590451656,Not specified,Not specified
3/13/2024 16:17,Car/van,Rarely,-,Off Peak Hours,10 Minutes,0.0,1.3652003860870832,2.1882113234982428,1.9487224551712914,2.192758315436693,1.7842285855116622,1.69863730859975,-,-
3/13/2024 19:14,Bike,Daily,Traffic light timing ,Peak Hours,10 Minutes,0.0,4.0985855040997965,5.434659492406487,2.1096307370577865,1.939497575495663,3.2527773610205326,2.077086510329693,Not specified,Not specified
3/11/2024 5:57,Buses/Lorry,Daily,"Shopping , colour lights",Peak Hours,20 Minutes,0.8579057674594174,2.8401151920451646,3.133717248864217,3.8717688454723107,2.03653368043687,3.2467705290338786,5.150714978069793,Not specified,Not specified
3/13/2024 16:22,Bike,Daily,More vehicles ,Off Peak Hours,20 Minutes,1.2314751693103114,1.7734732555180996,1.959194142714965,3.0660500421615176,2.0997580732048866,1.7087227735557406,3.5325519212194276, When road is narrow ,Not specified
3/13/2024 16:40,Buses/Lorry,Rarely,Road is not wide enough ,Peak Hours,20 Minutes,1.230682175223961,0.9893003230315012,2.076987552385634,1.9034057385371326,2.149384772948836,2.044464452109483,2.0934069284164742,Not specified,Not specified
4/23/2024 23:11,Buses/Lorry,Daily,bus stop time is high ,Peak Hours,30 Minutes,0.9034045475269386,4.622377986732053,3.00326768762659,2.44917112681532,5.456303116490851,5.648705278813892,4.076919661448638,high pedestrian density,no
3/13/2024 16:12,Three wheel,Daily,Two Vehicle lines near the town,Peak Hours,30 Minutes,1.1482839518852759,5.201099578774221,4.528060879153263,3.155024745694034,2.9215085446658735,3.5116285370833342,4.046653875191583,Not specified,Not specified
4/24/2024 1:11,Buses/Lorry,Daily,Traffic light system has been switched off in some places,Peak Hours,40 Minutes,0.8113950021954666,4.457799486115576,4.867623646986375,4.70310711966675,4.470083475977553,5.060119523733388,4.796520032980591,Not specified,"In my opinion, having a bus lane is a good solution"
4/24/2024 1:05,Bike,Weekly,Lack of a good traffic light system,Peak Hours,20 Minutes,1.0253089522831464,3.557896838744503,5.1532014613937935,2.840528080129543,4.9871207270833455,3.984720225537472,4.965169694384829,Traffic light system has been switched off,"In my opinion, having a systematic traffic light system everywhere is a good solution"
3/13/2024 16:07,Bike,Daily,Police and the less wide roads,Peak Hours,20 Minutes,0.9101087645638225,4.33436298644877,3.5796426537538646,0.9336234210365697,0.8292784151815182,3.0143443854606264,1.8281414657120865,Not specified,Not specified
3/8/2024 22:53,Car/van,Rarely,Lot of vehicles go to Colombo through Kiribathgoda ,Peak Hours,20 Minutes,1.1484692145841076,4.377928005702766,3.079251411133378,2.7892440153754867,4.074099318282467,4.0016525068347555,3.1568819893395204,Not specified,Not specified
3/13/2024 16:22,Bike,Daily,More vehicles ,Off Peak Hours,20 Minutes,0.9722657762124189,2.38470382319779,1.7000285998762557,3.0403025170295224,1.8152718341465195,2.3094797738943655,3.1751018776924447, When road is narrow ,Not specified
3/8/2024 22:53,Car/van,Rarely,Lot of vehicles go to Colombo through Kiribathgoda ,Peak Hours,20 Minutes,1.0214925237800474,4.049409169100392,4.492065713014596,2.7747331612239945,4.465633280387557,4.467843677628746,4.036790455222032,Not specified,Not specified
3/13/2024 16:11,Car/van,Rarely,Rush hours and the amount of vehicles on that hours,Peak Hours,10 Minutes,0.0,1.8720988477817735,1.0641110226393522,0.9554690085015031,4.043604378486729,3.2810768469760183,2.1034271061021728,Not specified,Not specified
3/13/2024 16:11,Buses/Lorry,Daily,Narrow Road,Off Peak Hours,10 Minutes,0.0,5.010533937303435,3.906852836605222,3.0690750850194464,2.0179593761869117,4.028117705962826,2.7661933857655687,Not specified,Narrow Road
4/24/2024 1:17,Bike,Weekly,Color light system,Peak Hours,10 Minutes,0.0,2.912596493191908,2.700208734258487,2.8014126445456142,3.7978034443627897,2.067567441827142,1.9785050999662428,Not specified,Not specified
3/13/2024 16:40,Buses/Lorry,Rarely,Road is not wide enough ,Peak Hours,20 Minutes,1.0055629838445388,0.9253183929822255,2.176715511588413,2.259687152070833,2.1003903062193188,2.0881677410100705,2.1142025145923973,Not specified,Not specified
3/13/2024 16:25,Car/van,Daily,Have the thilakawardana textile ,Peak Hours,20 Minutes,1.0335249222931557,2.9757640637382545,1.903843136235944,1.871478582190481,2.9339373306529044,2.2805482621355546,2.057482430735146,Not specified,Not specified
4/23/2024 23:59,Three wheel,Rarely,Bad,Peak Hours,30 Minutes,0.8566247477993367,1.041306306760203,2.226569887707092,2.1551089858291776,3.106853319399259,3.184270216489496,3.3616784705981786,Not specified,Not specified
3/13/2024 16:19,Bike,Daily,Doesn't have a proper plan for traffic controling ,Peak Hours,10 Minutes,0.0,1.8528105092369906,2.7489872121331267,1.1556832429602373,2.038711727605021,4.074161716628792,4.550629958264178,Increase ,Not specified
3/13/2024 18:39,Buses/Lorry,Rarely,.,Off Peak Hours,10 Minutes,0.0,3.696449272560436,3.795357107649892,2.0805770137224817,3.3678584240823586,4.925662513515778,3.4851579826736523,Not specified,Not specified
3/8/2024 23:01,Car/van,Weekly,Clothing stores,Peak Hours,20 Minutes,1.0048142469943402,1.9406947424712921,2.7312634393510384,3.3423950468164847,1.8880802940767614,5.62266761174736,4.630269416470226,Not specified,Not specified
3/13/2024 16:22,Buses/Lorry,Weekly,-,Peak Hours,20 Minutes,0.972222634724543,1.8332001407980785,2.5959796344976818,0.9538616351558347,3.165659807273869,3.1578689257737476,2.6061234236021313,Not specified,Not specified
4/23/2024 23:20,Bike,Rarely,thilakawardana and police,Peak Hours,30 Minutes,0.8310915061231052,2.8851693669252265,1.8743305733774842,3.050424700015871,5.140627053052299,5.378995299964799,4.923448483337617,Not specified,Not specified
3/14/2024 9:59,Bike,Daily,No comments ,Peak Hours,30 Minutes,1.0818385988164017,2.069930804931317,1.1009901915768792,1.8485992866421723,1.7313150016389145,3.119685343168083,2.130218173745646,Vehicles ,Nice
4/23/2024 23:09,Car/van,Daily,width of the road,Peak Hours,30 Minutes,0.998006803521963,3.8438083060794095,2.909972464212353,1.6373485486844477,3.2740293646352123,5.782657207815802,3.9095407662959754,major shopping centers availability,no
3/13/2024 16:12,Three wheel,Daily,Two Vehicle lines near the town,Peak Hours,30 Minutes,1.086011839563782,4.935713875058747,4.037707846857998,2.6345686165668836,2.902434979049708,3.6737146726894894,3.7900754521168794,Not specified,Not specified
4/23/2024 23:37,Buses/Lorry,Daily,Due to the scarcity of alternative roads,Peak Hours,20 Minutes,1.2540361956286488,2.8689915694286428,3.03924189708363,3.3800640873213847,4.082881905914332,4.255718778559704,4.891931902713859,Not specified,Not specified
4/24/2024 9:29,Car/van,Daily,Humans are not following road rules and parking issues on both sides of the road,Off Peak Hours,10 Minutes,0.0,1.9820010217394652,3.5555032629406824,0.9093631551427868,3.1061046134752934,4.473102814144518,4.968776949650401,Not specified,Not specified
4/23/2024 23:58,Bike,Weekly,Narrowing of the road,Peak Hours,20 Minutes,1.0800084904436749,2.2000211483882643,0.9276072623487415,3.225203893374458,1.6433190361549603,1.0798593276347463,2.808402667252969,Not specified,Not specified
3/13/2024 16:04,Bike,Daily,Narrow Road in the town,Peak Hours,20 Minutes,0.8729828027427059,5.160733321214885,3.759493552128337,5.6427797303189955,2.69786168694565,1.8723723768511957,3.8865553874598744,Not specified,Not specified
3/13/2024 16:22,Buses/Lorry,Weekly,-,Peak Hours,20 Minutes,0.9914237219742351,1.9263383082036933,2.943645787828197,1.0097762887983484,2.6702821182980134,3.2953198495959013,2.8801955666698627,Not specified,Not specified
3/13/2024 16:40,Buses/Lorry,Rarely,Road is not wide enough ,Peak Hours,20 Minutes,1.002381178441936,0.8945500914582372,2.1091470275645676,2.1321912571568946,1.9596105321963737,1.8258047130834427,1.7780235778383544,Not specified,Not specified
4/24/2024 0:17,Car/van,Rarely,Parking issues on the streets,Off Peak Hours,10 Minutes,0.0,3.798166905999646,4.2621216058937454,2.7768843031328414,2.389917006342368,2.6970008846304903,4.664203403263479,Too much private vehicles,-
4/24/2024 1:04,Bike,Daily,Width of the road is small ,Peak Hours,10 Minutes,0.0,2.0615012902876027,1.9078116515835382,4.09060071537811,3.0228752190037955,2.982632264151003,1.0545045728200713,The traffic policies are not work properly,Not specified
3/13/2024 16:12,Bike,Weekly,"Parking issues on the streets , ",Peak Hours,10 Minutes,0.0,5.0378841539844155,3.960827877894624,0.8950632305960339,2.2024317940560563,4.453274394582697,4.387418129571234,Not specified,Not specified
3/13/2024 16:19,Bike,Daily,Doesn't have a proper plan for traffic controling ,Peak Hours,10 Minutes,0.0,2.2608843127211005,2.645543339202973,0.9586679996278964,1.8057987081811617,4.239777919740373,3.7378809102729003,Increase ,Not specified
3/13/2024 16:07,Bike,Daily,Police and the less wide roads,Peak Hours,20 Minutes,0.9835274106570776,5.438532253292983,4.416163074840767,1.1965627503804743,0.8156893689902985,3.2195947110027427,2.0295866538747496,Not specified,Not specified
3/13/2024 16:26,Buses/Lorry,Rarely,too much personal  vehicle usage,Peak Hours,20 Minutes,0.9527497802405759,3.280659917370338,3.8119259582294505,1.7686421574498807,3.072476686207512,3.3305155695059803,4.786573436806074,protests and parades like events,Not specified
3/11/2024 6:08,Car/van,Rarely,Crowded/  road signal timing /parking issue ,Peak Hours,20 Minutes,1.1132188587816563,2.860957069890336,3.7491679868664574,3.3655977097136844,1.8927794789495898,1.3293590676184959,3.9219834214472837,Not specified,Not specified
4/24/2024 15:14,Other,Daily,"Shopping Centers, irregular traffic handling system",Off Peak Hours,20 Minutes,0.9162468248447722,5.864172275998506,4.861645901773356,3.8297140602464124,3.93254568258662,5.517498734171465,4.817215617393434,Not specified,Not specified
3/11/2024 5:56,Buses/Lorry,Daily,Many vehicle ,Peak Hours,50 Minutes,0.8576060850683244,2.9107198317041245,2.239615780689179,2.0254937765388576,1.0189868885795248,2.9072416045025715,2.614405414318562,Not specified,Not specified
3/8/2024 23:01,Car/van,Weekly,Clothing stores,Peak Hours,20 Minutes,0.9513613493305411,2.062409984872101,3.4422124406297847,3.452305315290589,2.2416033404258955,4.775584216616861,5.300512454413827,Not specified,Not specified
4/23/2024 23:27,Three wheel,Daily,Careless passenger transfer across the kandy road,Peak Hours,20 Minutes,0.8970459140730851,1.0338426312562856,4.157853037634533,2.257963514390327,3.744961991016009,3.63948953116102,4.116111101786821,Failure of Color light system ,Minimal police intervention
3/13/2024 16:13,Bike,Daily,Police officers,Peak Hours,10 Minutes,0.0,0.7555784373105302,3.2238508494349807,1.0309534318978493,2.67700944618264,1.0503253378220312,2.053131023068237,ðŸ˜•,Not specified
3/13/2024 16:11,Bike,Weekly,Too much vehicles on the road ,Peak Hours,20 Minutes,0.9277248875990052,3.665941772047761,2.95088837396597,2.8869273420674038,2.872137718346515,2.316721121880985,3.2002096024237527,The traffic police not doing their duty correctly ,Not specified
3/8/2024 22:25,Car/van,Rarely,Due to textile shops,Off Peak Hours,10 Minutes,0.0,0.8954613599435188,3.3446112141321604,1.9092994174663538,2.0615293631074953,2.9547718917153825,3.074723603258053,Police ,Not specified
3/13/2024 16:13,Bike,Daily,Police officers,Peak Hours,10 Minutes,0.0,0.9819264779762582,2.981960458418722,1.1049890223355323,2.711702989690382,0.8900232118393591,1.8488596549765768,ðŸ˜•,Not specified
4/23/2024 23:37,Buses/Lorry,Daily,Due to the scarcity of alternative roads,Peak Hours,20 Minutes,0.9080040137962496,2.962421632546678,2.9449280339349055,3.109368918949338,3.980024348711407,3.583365069246514,4.1887124651680026,Not specified,Not specified
3/11/2024 3:58,Car/van,Daily,Traffic signals ,Peak Hours,40 Minutes,1.1682439343980735,5.510689254181107,3.7081890136503537,3.9019427372790396,4.095337353600487,2.8750832059255296,2.860378784066723,Not specified,Not specified
4/23/2024 23:59,Three wheel,Rarely,Bad,Peak Hours,30 Minutes,0.8534280406652156,1.0149722899333347,1.9247972668449342,2.045794234942575,2.978245533958473,3.1225291947604212,2.6292504281587115,Not specified,Not specified
3/11/2024 3:58,Car/van,Daily,Traffic signals ,Peak Hours,40 Minutes,0.9143460112256547,5.833511578665629,3.8449172632727113,3.835771316364083,2.9257095631521652,2.7496233238515564,2.562924746325082,Not specified,Not specified
3/13/2024 16:45,Buses/Lorry,Weekly,Lot of vehicles and road low width of road.,Peak Hours,20 Minutes,0.9648149142488447,5.150225478868128,3.04630793387142,1.9902341298698007,3.291244439072649,4.225778562296194,3.5129278500286367,Not specified,Not specified
4/24/2024 6:35,Bike,Weekly,Bus stops more time,Peak Hours,20 Minutes,1.023296142490571,2.826740064162574,4.15055425087382,4.290784306624381,4.22124090227287,4.494788642021787,5.00768580610954,"Population
",No
3/13/2024 16:12,Bike,Weekly,"Parking issues on the streets , ",Peak Hours,10 Minutes,0.0,4.709536401042338,5.642259820359596,1.0570455224569792,1.9190659317913281,5.188521224715257,4.4466499614320565,Not specified,Not specified
4/24/2024 8:41,Buses/Lorry,Rarely,roads are narrow,Peak Hours,20 Minutes,1.2739065938820455,3.970958060481886,3.8261653277372036,2.899887900704404,3.7623556459334946,3.3255852862773647,2.7042556140120384,Not specified,Not specified
3/8/2024 22:25,Car/van,Rarely,Due to textile shops,Off Peak Hours,10 Minutes,0.0,0.9135644386994621,2.9170715809801413,1.851327773033213,2.1002349143488392,3.2012032987927386,3.0324066944254917,Police ,Not specified
4/23/2024 23:23,Car/van,Daily,Lack of tracks,Peak Hours,20 Minutes,0.9093201176747356,5.6448683696600295,3.991188449343057,3.649990027201277,2.047676047408014,1.0248433054518742,1.0182163976025824,Not specified,Not specified
4/24/2024 6:35,Bike,Weekly,Bus stops more time,Peak Hours,20 Minutes,0.9499303961242614,3.108356247171416,3.8148569891269375,5.450588374235858,3.8719285496808014,4.949117884106739,3.9052934094694183,"Population
",No
4/23/2024 23:58,Bike,Weekly,Narrowing of the road,Peak Hours,20 Minutes,1.1869662850935048,1.6508918092596336,1.0056822434061963,3.6342151116784027,1.937309682966834,1.0052135707738385,3.3309658891955216,Not specified,Not specified
3/13/2024 16:25,Car/van,Daily,Have the thilakawardana textile ,Peak Hours,20 Minutes,0.9640258078007191,3.212482526542397,1.8813327097196961,2.268226141471325,3.4146864837562045,2.0714204754291154,1.921722266450858,Not specified,Not specified
4/24/2024 21:50,Buses/Lorry,Daily,traffic lights/ policeman,Peak Hours,20 Minutes,0.8602090482252452,2.312777795446406,2.1602881409039294,2.0498692169929162,1.8290561470536404,2.0167451826375045,2.33074743367033,policeman,no
4/24/2024 1:04,Bike,Daily,Width of the road is small ,Peak Hours,10 Minutes,0.0,1.8579232126382164,2.2376244519499218,2.8993576986654186,2.954801857746434,3.156835297225894,0.9818751717112342,The traffic policies are not work properly,Not specified
3/13/2024 17:42,Buses/Lorry,Rarely,Road is too narrow ,Off Peak Hours,10 Minutes,0.0,4.376278682287197,2.0938491557224586,3.2965069765319694,4.21821729522042,3.4706415319226545,3.8915354117503957,Not specified,Not specified
3/11/2024 5:56,Buses/Lorry,Daily,Many vehicle ,Peak Hours,50 Minutes,0.994198529450518,3.0212992116197426,2.2366328109103595,1.9386367302108158,0.886364677200234,3.011237509111237,3.6994912979757864,Not specified,Not specified
4/23/2024 23:59,Three wheel,Rarely,Bad,Peak Hours,30 Minutes,0.8391504006602727,0.9383684586093256,1.8155916012426765,2.354984114992247,3.129308330661413,2.8464537122343514,3.000970105343857,Not specified,Not specified
3/10/2024 23:50,Car/van,Daily,"JayWalking, Improper road methods by Threewheel Drivers and Bikes",Peak Hours,30 Minutes,1.1240228482416348,4.773864087081845,0.8903079264582083,0.94909112270955,3.6128546524468805,4.413470085262146,5.152485458349581,Not specified,Not specified
4/23/2024 23:11,Buses/Lorry,Daily,bus stop time is high ,Peak Hours,30 Minutes,1.0831026468910285,5.808383735575154,3.2715257781669678,2.1231788973143337,5.818808456753953,5.030876009741561,3.1663822997999724,high pedestrian density,no
4/24/2024 9:29,Car/van,Daily,Humans are not following road rules and parking issues on both sides of the road,Off Peak Hours,10 Minutes,0.0,1.9519144334447946,3.8586164353407586,1.165390676279239,2.916541066990065,4.563338734690308,5.090213611037714,Not specified,Not specified
3/13/2024 16:26,Car/van,Daily,Because of the side roads to access the main road,Peak Hours,20 Minutes,0.8226086291937468,2.050663075580885,2.815172257613279,1.9365955881987909,3.6644056420192057,1.7840148130500753,2.012443622018854,-,No
4/24/2024 1:13,Car/van,Rarely,Lack of a good traffic light system,Off Peak Hours,10 Minutes,0.0,3.3099880250986446,4.539675200084666,2.5783850919554485,5.115255482770134,4.3035643321400565,4.561954667041468,Traffic light system has been switched off in some places,"In my opinion, having a systematic traffic light system everywhere is a good solution"
3/13/2024 17:41,Buses/Lorry,Weekly,road is too narrow.,Peak Hours,10 Minutes,0.0,4.747703628481994,3.516719552520505,3.4626308424648777,3.320516529176882,2.7477608316142574,5.102462512788319,Not specified,Not specified
4/24/2024 8:41,Buses/Lorry,Rarely,roads are narrow,Peak Hours,20 Minutes,1.1205686174596134,3.6059024981908583,4.105022316144227,3.0813682659606387,4.132628141437987,2.9273639810310788,3.2163444511517465,Not specified,Not specified
3/13/2024 19:14,Bike,Daily,Traffic light timing ,Peak Hours,10 Minutes,0.0,4.615384003365522,4.817382491860885,1.9659535618565007,2.1539404365801325,3.2895150784742597,2.1544425197748955,Not specified,Not specified
3/11/2024 8:35,Car/van,Weekly,Un Efficiency traffic police person,Peak Hours,20 Minutes,1.0208266549909826,2.0330928254103666,3.225489720189663,2.468077612935021,0.9661391751701995,3.3621237618287134,0.993894790294225,Not specified,Not specified
4/23/2024 23:23,Car/van,Daily,Lack of tracks,Peak Hours,20 Minutes,1.1027982164692216,5.27235007486218,3.8177257927002666,4.037077330181403,1.6739786086537072,0.9572746701739346,0.9238644618361364,Not specified,Not specified
4/24/2024 1:04,Bike,Daily,Width of the road is small ,Peak Hours,10 Minutes,0.0,1.9860841201722934,1.7579727386416613,2.9366836763468003,2.9962410144664338,2.576851301081085,0.8719596754140809,The traffic policies are not work properly,Not specified
4/24/2024 21:50,Buses/Lorry,Daily,traffic lights/ policeman,Peak Hours,20 Minutes,0.919390801345046,1.9154359042935656,2.070010334866431,2.254716579115512,2.040880143702216,2.134235211168504,1.9337166912043726,policeman,no
4/23/2024 23:47,Bike,Daily,"Vehicle load, attitudes of drivers, road crossing traffic, Heavy vehicles ",Peak Hours,10 Minutes,0.0,1.8143228117553678,3.4821324566285368,1.903589635307297,3.0098462313240626,1.1198514087874927,2.0007271818930774,Not specified,Not specified
3/13/2024 16:22,Buses/Lorry,Weekly,-,Peak Hours,20 Minutes,0.9030944131828238,1.9108183273015151,3.376885654506107,1.0604397935181873,3.4355930383537086,4.08852466343647,2.692367149510815,Not specified,Not specified
3/8/2024 23:01,Car/van,Weekly,Clothing stores,Peak Hours,20 Minutes,1.10272811611399,2.1549217851285656,2.893188491105053,3.927104551712522,1.977842126642756,5.421971357918705,5.376897340853407,Not specified,Not specified
4/24/2024 21:50,Buses/Lorry,Daily,traffic lights/ policeman,Peak Hours,20 Minutes,1.2042227241215926,1.9651770069784222,1.6958089545935917,2.1509179634589244,2.0170626960930544,1.9842599613115077,2.0496721560515763,policeman,no
4/24/2024 1:11,Buses/Lorry,Daily,Traffic light system has been switched off in some places,Peak Hours,40 Minutes,1.013036536411673,4.9995262204053175,4.760742215214242,4.251418345134728,3.889824449286091,5.761059460396476,4.009916480690486,Not specified,"In my opinion, having a bus lane is a good solution"
4/23/2024 23:47,Bike,Daily,"Vehicle load, attitudes of drivers, road crossing traffic, Heavy vehicles ",Peak Hours,10 Minutes,0.0,2.0437058230397835,4.098659512117113,1.9504743669846631,3.1490549040051246,1.1676081599673127,2.0063671038765767,Not specified,Not specified
3/13/2024 16:11,Bike,Weekly,Too much vehicles on the road ,Peak Hours,20 Minutes,1.0897500456441516,2.890201957887614,2.7502995822178544,2.3748673782388376,3.100832038899489,2.186005602003967,3.381695812140687,The traffic police not doing their duty correctly ,Not specified
4/24/2024 0:17,Car/van,Rarely,Parking issues on the streets,Off Peak Hours,10 Minutes,0.0,4.140947286868246,3.4877786967228417,3.2588273770021514,1.9891137422967091,2.588012422770521,4.680847339411475,Too much private vehicles,-
3/13/2024 16:22,Buses/Lorry,Weekly,-,Peak Hours,20 Minutes,0.9245010031513021,2.014804609245153,3.3220145845905593,0.8472274595012674,2.87753533087335,3.8606910479676504,3.419007743363734,Not specified,Not specified
3/13/2024 18:39,Buses/Lorry,Rarely,.,Off Peak Hours,10 Minutes,0.0,3.573755177971771,3.7344690638919524,2.365002349852134,3.2759909052014136,4.206918194012298,5.018903605210708,Not specified,Not specified
3/11/2024 5:56,Buses/Lorry,Daily,Many vehicle ,Peak Hours,50 Minutes,0.8826860834381701,2.825604001012068,1.9546342590454362,1.8954021497232976,1.0460977984578794,2.9027051404701463,3.642578241698233,Not specified,Not specified
3/13/2024 16:17,Car/van,Rarely,-,Off Peak Hours,10 Minutes,0.0,2.0148689096725616,1.9898352920870561,1.843263649751632,1.780890930062372,2.072822783770955,2.2543124576726834,-,-
4/23/2024 23:27,Three wheel,Daily,Careless passenger transfer across the kandy road,Peak Hours,20 Minutes,1.230035293056493,1.048531503493824,4.944012290580057,1.9176183321663323,4.07263363622264,4.609255144948335,3.650047098776341,Failure of Color light system ,Minimal police intervention
4/23/2024 23:23,Car/van,Daily,Lack of tracks,Peak Hours,20 Minutes,1.1856199897817132,5.00789974582723,4.23743690963529,4.047284564137453,2.4199007164607367,0.9734867006715121,1.1966618149867538,Not specified,Not specified
3/13/2024 16:12,Three wheel,Daily,Two Vehicle lines near the town,Peak Hours,30 Minutes,0.8811859044598712,5.364085344010841,4.353856266330931,3.146500407780347,2.945253855323094,4.321761905925961,3.6720006248542765,Not specified,Not specified
3/13/2024 16:22,Bike,Daily,More vehicles ,Off Peak Hours,20 Minutes,0.8884304564777401,1.924009499283021,2.1953015091905126,3.427101334883989,1.9470999503824453,2.231948234729937,2.98480338827751, When road is narrow ,Not specified
4/23/2024 23:27,Three wheel,Daily,Careless passenger transfer across the kandy road,Peak Hours,20 Minutes,1.0573683595194308,0.9338206114972822,5.133563800982882,1.9440883478799678,4.560921899418717,4.439626057067099,4.2347401988164295,Failure of Color light system ,Minimal police intervention
3/13/2024 16:18,Other,Weekly,careless vehicle parking,Peak Hours,30 Minutes,1.0300072020982314,2.026299331565351,2.0061126973833776,1.880371839100033,2.2168265625064065,0.9405788383086623,2.0113056827548523,Not specified,Not specified
4/23/2024 23:40,Car/van,Rarely,Mahinda rajapaksha,Peak Hours,60 Minutes,0.9903943033104441,2.035213446474008,3.4024803555230276,3.15227443816121,1.004920118734171,1.9235486490940477,1.9399710080024157,Ranil,vehicles
4/24/2024 1:04,Bike,Daily,Width of the road is small ,Peak Hours,10 Minutes,0.0,1.8388368665264272,1.6223716113603328,3.1387557219760636,3.412935773795909,2.283423328789235,0.8325691333810963,The traffic policies are not work properly,Not specified
4/23/2024 23:09,Car/van,Daily,width of the road,Peak Hours,30 Minutes,0.9245703950991021,4.00727785736555,2.2988022171804583,2.060341475799025,3.9252193924932914,4.654732574692937,3.481961626998312,major shopping centers availability,no
3/11/2024 3:58,Car/van,Daily,Traffic signals ,Peak Hours,40 Minutes,1.0938679182796636,3.9349507298131488,4.095273610944732,4.231386920706225,3.389255217236306,3.2369446386798204,3.2142771336615357,Not specified,Not specified
4/24/2024 1:13,Car/van,Rarely,Lack of a good traffic light system,Off Peak Hours,10 Minutes,0.0,3.273876931185203,5.911963363790731,3.1207360843837124,5.470772020851017,5.22788021067636,4.764375544643523,Traffic light system has been switched off in some places,"In my opinion, having a systematic traffic light system everywhere is a good solution"
4/23/2024 23:40,Car/van,Rarely,Mahinda rajapaksha,Peak Hours,60 Minutes,0.8982425233630038,1.97918827994929,3.13517151515824,4.005944153943178,1.0863520184527016,2.1309247027592497,2.0212004866668782,Ranil,vehicles
4/24/2024 1:13,Car/van,Rarely,Lack of a good traffic light system,Off Peak Hours,10 Minutes,0.0,3.5467356471736293,5.714899146448759,2.959314781415199,4.359685600282467,4.9128026885024845,4.244892465597406,Traffic light system has been switched off in some places,"In my opinion, having a systematic traffic light system everywhere is a good solution"
4/24/2024 1:04,Bike,Daily,Width of the road is small ,Peak Hours,10 Minutes,0.0,2.005750154991087,1.9897002690755115,2.866497622304704,2.710540779065891,2.874051864661218,1.142886737417428,The traffic policies are not work properly,Not specified
3/11/2024 0:20,Car/van,Weekly,Two much junctions and color lights,Peak Hours,10 Minutes,0.0,4.865129689332003,5.083706998625171,2.8378348313412913,4.419571198126034,1.8949088799831106,1.0014596544358556,Not specified,Not specified
3/13/2024 16:26,Buses/Lorry,Rarely,too much personal  vehicle usage,Peak Hours,20 Minutes,1.0531988650326753,3.040897914422124,3.9730927341086533,2.131052499841623,2.567609126298335,3.8394911890959293,4.059901599720779,protests and parades like events,Not specified
3/8/2024 22:53,Car/van,Rarely,Lot of vehicles go to Colombo through Kiribathgoda ,Peak Hours,20 Minutes,0.9712756662800985,3.9264262197628623,3.474161855868898,3.0438382490299283,3.7577713164737188,3.547522432530157,4.343294568752364,Not specified,Not specified
3/13/2024 16:45,Buses/Lorry,Weekly,Lot of vehicles and road low width of road.,Peak Hours,20 Minutes,0.9495207687234315,5.2878499770081575,3.362522967560645,1.7065366115484681,2.6213004715043025,3.8662801244068215,2.7863407807722167,Not specified,Not specified
3/13/2024 16:25,Car/van,Daily,Have the thilakawardana textile ,Peak Hours,20 Minutes,0.9136733725003754,3.151618854401576,1.7725265323584458,2.232150959009679,2.8455549514320433,2.2650352244038867,2.1459094073767995,Not specified,Not specified
3/13/2024 16:40,Buses/Lorry,Rarely,Road is not wide enough ,Peak Hours,20 Minutes,1.0362769667998513,0.9533040374716463,2.236136356041376,1.728668593866938,1.6164793460511129,1.9935160831115417,1.993170146446262,Not specified,Not specified
4/24/2024 1:13,Car/van,Rarely,Lack of a good traffic light system,Off Peak Hours,10 Minutes,0.0,3.2351733037479615,5.15337068935524,2.853270333456244,5.342521115622979,5.094943704183112,5.687727600549042,Traffic light system has been switched off in some places,"In my opinion, having a systematic traffic light system everywhere is a good solution"
3/13/2024 16:25,Car/van,Daily,Have the thilakawardana textile ,Peak Hours,20 Minutes,1.0167823807619238,2.9397480849407343,2.235338833865578,1.9037677332042833,2.6350943907473705,1.7677236527051758,2.2245501361325197,Not specified,Not specified
3/11/2024 8:35,Car/van,Weekly,Un Efficiency traffic police person,Peak Hours,20 Minutes,1.0876120845242152,1.7977366341907421,3.249974432188142,1.6688083763178203,0.9266937395796762,3.2043303402021674,1.2859065901989304,Not specified,Not specified
3/8/2024 22:53,Car/van,Rarely,Lot of vehicles go to Colombo through Kiribathgoda ,Peak Hours,20 Minutes,0.8880162374562769,4.5452819180519395,3.615532441602191,2.90590462194378,4.1495414668738615,3.5664384406412037,3.5974848431378135,Not specified,Not specified
4/24/2024 15:14,Other,Daily,"Shopping Centers, irregular traffic handling system",Off Peak Hours,20 Minutes,0.9955267370215549,5.726919426025562,5.559586540369813,4.390782940191277,4.1081304864165915,3.1760148926727627,5.089392545001532,Not specified,Not specified
4/24/2024 1:13,Car/van,Rarely,Lack of a good traffic light system,Off Peak Hours,10 Minutes,0.0,2.634216439892383,4.458401734625767,2.697030846307794,5.1081635565674794,4.746034451488646,5.673653020711074,Traffic light system has been switched off in some places,"In my opinion, having a systematic traffic light system everywhere is a good solution"
3/13/2024 16:11,Car/van,Rarely,Rush hours and the amount of vehicles on that hours,Peak Hours,10 Minutes,0.0,1.919720561653776,1.072531989094404,1.1392889142466411,4.336524630274311,3.824776423167638,1.8919122533882338,Not specified,Not specified
